evidence_id,date,session,revision,concept_id,dimension,task,learner_result,hint_level,source_or_command,notebook_path,verdict,next_review
E-20260902-01,2026-09-02,first-add-source-trace,cf30153c4c131c8164ee7798e5022d810682e2cb,BIND-CODEGEN,explain,Read the add.Tensor schema and explain its parameters and generated variants,"Correctly identified operands and return type and later computed alpha semantics; did not retrieve keyword-only syntax, variants, delegate, or source anchors",H2,aten/src/ATen/native/native_functions.yaml:536,learning/notebook/sessions/2026-09-02-first-add-source-trace.md,partial,2026-09-03
E-20260902-02,2026-09-02,first-add-source-trace,cf30153c4c131c8164ee7798e5022d810682e2cb,ATEN-KERNEL,explain,Distinguish the structured meta function from the generated CPU kernel,"Said meta records computation information and CPU kernel executes computation; did not independently state output inference, checks, TensorIterator, dtype dispatch, or source anchors",H2,"aten/src/ATen/native/BinaryOps.cpp:151; focused torchgen CPU generation",learning/notebook/sessions/2026-09-02-first-add-source-trace.md,partial,2026-09-03
E-20260902-03,2026-09-02,first-add-source-trace,cf30153c4c131c8164ee7798e5022d810682e2cb,DISPATCH,trace,Reconstruct the torch.add to generated CPU ufunc chain and name two inspected anchors,"Answered unknown for both the chain and source anchors",H2,"aten/src/ATen/native/native_functions.yaml:536; torchgen/gen.py:2387; generated UfuncCPU_add.cpp and UfuncCPUKernel_add.cpp",learning/notebook/sessions/2026-09-02-first-add-source-trace.md,fail,2026-09-03
E-20260902-04,2026-09-02,first-add-source-trace,cf30153c4c131c8164ee7798e5022d810682e2cb,CPP-CORE,explain,Explain compile versus link and const Tensor reference semantics,"Did not know compile/link and said const Tensor& avoids repeated space allocation",H2,aten/src/ATen/native/BinaryOps.cpp:151,learning/notebook/sessions/2026-09-02-first-add-source-trace.md,fail,2026-09-03
E-20260902-05,2026-09-02,foundation-01-pytorch-inference-basics,cf30153c4c131c8164ee7798e5022d810682e2cb,PYTORCH-BASICS,explain,Explain Tensor operator Module forward device training and inference in a no-notes teach-back,"Correctly defined all seven terms and distinguished backward gradient computation from optimizer parameter update",H0,learner teach-back,learning/notebook/sessions/2026-09-02-foundation-01-pytorch-inference-basics.md,pass,2026-09-03
E-20260902-06,2026-09-02,foundation-01-pytorch-inference-basics,cf30153c4c131c8164ee7798e5022d810682e2cb,ARCH-MAP,explain,Place a Linear inference example in the high-level execution panorama,"Independently gave x Tensor to Module call to forward to linear operator using weight and bias to output Tensor y; broader subsystem map remains untaught",H0,learner teach-back,learning/notebook/sessions/2026-09-02-foundation-01-pytorch-inference-basics.md,pass,2026-09-03
E-20260902-07,2026-09-02,foundation-01-pytorch-inference-basics,cf30153c4c131c8164ee7798e5022d810682e2cb,ARCH-MAP,locate,Recall the inspected Linear.forward source anchor and direct Python callee,"Recalled F.linear but initially described the location only as the last function in the Linear class; after an H1 directory and filename cue supplied torch/nn/modules/linear.py",H1,"torch/nn/modules/linear.py:130; rg -n forward sources/pytorch/torch/nn/modules/linear.py",learning/notebook/sessions/2026-09-02-foundation-01-pytorch-inference-basics.md,partial,2026-09-03
E-20260902-08,2026-09-02,foundation-01-pytorch-inference-basics,cf30153c4c131c8164ee7798e5022d810682e2cb,PY-DATAMODEL,explain,Explain self and the return annotation in a Python method signature,"Correctly explained self as the current Module object and -> Tensor as the expected return type annotation",H0,torch/nn/modules/linear.py:130,learning/notebook/sessions/2026-09-02-foundation-01-pytorch-inference-basics.md,pass,2026-09-03
E-20260902-09,2026-09-02,foundation-02-tensor-minimal-model,cf30153c4c131c8164ee7798e5022d810682e2cb,TENSOR-MODEL,explain,Explain the minimal Tensor model and derive NCHW and Flatten shapes,"Independently defined elements axes ndim shape dtype and device; calculated numel and explained reshape and Flatten invariants",H0,learner teach-back,learning/notebook/sessions/2026-09-02-foundation-02-tensor-minimal-model.md,pass,2026-09-03
E-20260902-10,2026-09-02,foundation-02-tensor-minimal-model,cf30153c4c131c8164ee7798e5022d810682e2cb,TENSOR-MODEL,locate,Recall the Flatten.forward source file and direct Python callee,"Located torch/nn/modules/flatten.py but initially called forward the callee; after H1 supplied input.flatten(self.start_dim self.end_dim)",H1,"torch/nn/modules/flatten.py:51; rg -n return input.flatten sources/pytorch/torch/nn/modules/flatten.py",learning/notebook/sessions/2026-09-02-foundation-02-tensor-minimal-model.md,partial,2026-09-03
E-20260902-11,2026-09-02,foundation-02-tensor-minimal-model,binary:2.7.1+cu126,TENSOR-MODEL,explain,Distinguish checked-out source evidence installed-binary runtime evidence and the remaining limitation,"Initially omitted the verification boundary; after H2 accurately separated the direct-callee source observation from runtime shape dtype device and numel results and said pinned v2.13 runtime was not verified",H2,"/root/miniconda3/bin/python focused CPU and CUDA nn.Flatten assertions",learning/notebook/sessions/2026-09-02-foundation-02-tensor-minimal-model.md,partial,2026-09-03
E-20260902-12,2026-09-02,foundation-02-tensor-minimal-model,cf30153c4c131c8164ee7798e5022d810682e2cb,PY-DATAMODEL,explain,Explain default arguments zero-based axes and negative end_dim,"Correctly identified default start_dim 1 and end_dim -1 and clarified that flatten starts at C axis 1 while N axis 0 is retained",H0,torch/nn/modules/flatten.py:46,learning/notebook/sessions/2026-09-02-foundation-02-tensor-minimal-model.md,pass,2026-09-03
